"","Date","Count","Crime_Type"
"1",2018-04-01,7,"Towed"
"2",2018-04-02,8,"Towed"
"3",2018-04-03,9,"Towed"
"4",2018-04-04,10,"Towed"
"5",2018-04-05,12,"Towed"
"6",2018-04-06,11,"Towed"
"7",2018-04-07,14,"Towed"
"8",2018-04-08,9,"Towed"
"9",2018-04-09,16,"Towed"
"10",2018-04-10,10,"Towed"
"11",2018-04-11,6,"Towed"
"12",2018-04-12,6,"Towed"
"13",2018-04-13,5,"Towed"
"14",2018-04-14,11,"Towed"
"15",2018-04-15,15,"Towed"
"16",2018-04-16,5,"Towed"
"17",2018-04-17,8,"Towed"
"18",2018-04-18,12,"Towed"
"19",2018-04-19,9,"Towed"
"20",2018-04-20,11,"Towed"
"21",2018-04-21,9,"Towed"
"22",2018-04-22,7,"Towed"
"23",2018-04-23,11,"Towed"
"24",2018-04-24,9,"Towed"
"25",2018-04-25,6,"Towed"
"26",2018-04-26,8,"Towed"
"27",2018-04-27,14,"Towed"
"28",2018-04-28,14,"Towed"
"29",2018-04-29,9,"Towed"
"30",2018-04-30,10,"Towed"
"31",2018-04-01,7,"Towed"
"32",2018-04-02,8,"Towed"
"33",2018-04-03,9,"Towed"
"34",2018-04-04,10,"Towed"
"35",2018-04-05,12,"Towed"
"36",2018-04-06,11,"Towed"
"37",2018-04-07,14,"Towed"
"38",2018-04-08,9,"Towed"
"39",2018-04-09,16,"Towed"
"40",2018-04-10,10,"Towed"
"41",2018-04-11,6,"Towed"
"42",2018-04-12,6,"Towed"
"43",2018-04-13,5,"Towed"
"44",2018-04-14,11,"Towed"
"45",2018-04-15,15,"Towed"
"46",2018-04-16,5,"Towed"
"47",2018-04-17,8,"Towed"
"48",2018-04-18,12,"Towed"
"49",2018-04-19,9,"Towed"
"50",2018-04-20,11,"Towed"
"51",2018-04-21,9,"Towed"
"52",2018-04-22,7,"Towed"
"53",2018-04-23,11,"Towed"
"54",2018-04-24,9,"Towed"
"55",2018-04-25,6,"Towed"
"56",2018-04-26,8,"Towed"
"57",2018-04-27,14,"Towed"
"58",2018-04-28,14,"Towed"
"59",2018-04-29,9,"Towed"
"60",2018-04-30,10,"Towed"
"61",2018-04-01,15,"Verbal Disputes"
"62",2018-04-02,17,"Verbal Disputes"
"63",2018-04-03,6,"Verbal Disputes"
"64",2018-04-04,15,"Verbal Disputes"
"65",2018-04-05,11,"Verbal Disputes"
"66",2018-04-06,2,"Verbal Disputes"
"67",2018-04-07,11,"Verbal Disputes"
"68",2018-04-08,17,"Verbal Disputes"
"69",2018-04-09,13,"Verbal Disputes"
"70",2018-04-10,7,"Verbal Disputes"
"71",2018-04-11,13,"Verbal Disputes"
"72",2018-04-12,13,"Verbal Disputes"
"73",2018-04-13,6,"Verbal Disputes"
"74",2018-04-14,17,"Verbal Disputes"
"75",2018-04-15,13,"Verbal Disputes"
"76",2018-04-16,9,"Verbal Disputes"
"77",2018-04-17,15,"Verbal Disputes"
"78",2018-04-18,16,"Verbal Disputes"
"79",2018-04-19,10,"Verbal Disputes"
"80",2018-04-20,11,"Verbal Disputes"
"81",2018-04-21,12,"Verbal Disputes"
"82",2018-04-22,12,"Verbal Disputes"
"83",2018-04-23,8,"Verbal Disputes"
"84",2018-04-24,6,"Verbal Disputes"
"85",2018-04-25,9,"Verbal Disputes"
"86",2018-04-26,12,"Verbal Disputes"
"87",2018-04-27,13,"Verbal Disputes"
"88",2018-04-28,12,"Verbal Disputes"
"89",2018-04-29,8,"Verbal Disputes"
"90",2018-04-30,8,"Verbal Disputes"
"91",2018-04-01,24,"Motor Vehicle Accident Response"
"92",2018-04-02,19,"Motor Vehicle Accident Response"
"93",2018-04-03,36,"Motor Vehicle Accident Response"
"94",2018-04-04,22,"Motor Vehicle Accident Response"
"95",2018-04-05,17,"Motor Vehicle Accident Response"
"96",2018-04-06,13,"Motor Vehicle Accident Response"
"97",2018-04-07,29,"Motor Vehicle Accident Response"
"98",2018-04-08,21,"Motor Vehicle Accident Response"
"99",2018-04-09,24,"Motor Vehicle Accident Response"
"100",2018-04-10,13,"Motor Vehicle Accident Response"
"101",2018-04-11,16,"Motor Vehicle Accident Response"
"102",2018-04-12,21,"Motor Vehicle Accident Response"
"103",2018-04-13,27,"Motor Vehicle Accident Response"
"104",2018-04-14,19,"Motor Vehicle Accident Response"
"105",2018-04-15,27,"Motor Vehicle Accident Response"
"106",2018-04-16,17,"Motor Vehicle Accident Response"
"107",2018-04-17,17,"Motor Vehicle Accident Response"
"108",2018-04-18,22,"Motor Vehicle Accident Response"
"109",2018-04-19,20,"Motor Vehicle Accident Response"
"110",2018-04-20,19,"Motor Vehicle Accident Response"
"111",2018-04-21,22,"Motor Vehicle Accident Response"
"112",2018-04-22,28,"Motor Vehicle Accident Response"
"113",2018-04-23,29,"Motor Vehicle Accident Response"
"114",2018-04-24,26,"Motor Vehicle Accident Response"
"115",2018-04-25,23,"Motor Vehicle Accident Response"
"116",2018-04-26,18,"Motor Vehicle Accident Response"
"117",2018-04-27,22,"Motor Vehicle Accident Response"
"118",2018-04-28,32,"Motor Vehicle Accident Response"
"119",2018-04-29,20,"Motor Vehicle Accident Response"
"120",2018-04-30,20,"Motor Vehicle Accident Response"
"121",2018-04-01,19,"Investigate Person"
"122",2018-04-02,16,"Investigate Person"
"123",2018-04-03,17,"Investigate Person"
"124",2018-04-04,18,"Investigate Person"
"125",2018-04-05,15,"Investigate Person"
"126",2018-04-06,16,"Investigate Person"
"127",2018-04-07,18,"Investigate Person"
"128",2018-04-08,10,"Investigate Person"
"129",2018-04-09,21,"Investigate Person"
"130",2018-04-10,14,"Investigate Person"
"131",2018-04-11,22,"Investigate Person"
"132",2018-04-12,24,"Investigate Person"
"133",2018-04-13,15,"Investigate Person"
"134",2018-04-14,19,"Investigate Person"
"135",2018-04-15,14,"Investigate Person"
"136",2018-04-16,6,"Investigate Person"
"137",2018-04-17,18,"Investigate Person"
"138",2018-04-18,23,"Investigate Person"
"139",2018-04-19,16,"Investigate Person"
"140",2018-04-20,23,"Investigate Person"
"141",2018-04-21,15,"Investigate Person"
"142",2018-04-22,11,"Investigate Person"
"143",2018-04-23,13,"Investigate Person"
"144",2018-04-24,25,"Investigate Person"
"145",2018-04-25,18,"Investigate Person"
"146",2018-04-26,13,"Investigate Person"
"147",2018-04-27,19,"Investigate Person"
"148",2018-04-28,20,"Investigate Person"
"149",2018-04-29,16,"Investigate Person"
"150",2018-04-30,14,"Investigate Person"
"151",2018-04-01,4,"Drug Violation"
"152",2018-04-02,16,"Drug Violation"
"153",2018-04-03,10,"Drug Violation"
"154",2018-04-04,6,"Drug Violation"
"155",2018-04-05,8,"Drug Violation"
"156",2018-04-06,11,"Drug Violation"
"157",2018-04-07,11,"Drug Violation"
"158",2018-04-08,3,"Drug Violation"
"159",2018-04-09,11,"Drug Violation"
"160",2018-04-10,13,"Drug Violation"
"161",2018-04-11,13,"Drug Violation"
"162",2018-04-12,11,"Drug Violation"
"163",2018-04-13,12,"Drug Violation"
"164",2018-04-14,15,"Drug Violation"
"165",2018-04-15,7,"Drug Violation"
"166",2018-04-16,4,"Drug Violation"
"167",2018-04-17,10,"Drug Violation"
"168",2018-04-18,11,"Drug Violation"
"169",2018-04-19,13,"Drug Violation"
"170",2018-04-20,16,"Drug Violation"
"171",2018-04-21,12,"Drug Violation"
"172",2018-04-22,6,"Drug Violation"
"173",2018-04-23,17,"Drug Violation"
"174",2018-04-24,5,"Drug Violation"
"175",2018-04-25,11,"Drug Violation"
"176",2018-04-26,5,"Drug Violation"
"177",2018-04-27,16,"Drug Violation"
"178",2018-04-28,6,"Drug Violation"
"179",2018-04-29,2,"Drug Violation"
"180",2018-04-30,11,"Drug Violation"
"181",2018-04-01,3,"Residential Burglary"
"182",2018-04-02,8,"Residential Burglary"
"183",2018-04-03,6,"Residential Burglary"
"184",2018-04-04,4,"Residential Burglary"
"185",2018-04-05,8,"Residential Burglary"
"186",2018-04-06,3,"Residential Burglary"
"187",2018-04-07,2,"Residential Burglary"
"188",2018-04-08,1,"Residential Burglary"
"189",2018-04-09,7,"Residential Burglary"
"190",2018-04-10,1,"Residential Burglary"
"191",2018-04-11,8,"Residential Burglary"
"192",2018-04-12,5,"Residential Burglary"
"193",2018-04-13,2,"Residential Burglary"
"194",2018-04-14,4,"Residential Burglary"
"195",2018-04-15,1,"Residential Burglary"
"196",2018-04-16,1,"Residential Burglary"
"197",2018-04-17,2,"Residential Burglary"
"198",2018-04-18,3,"Residential Burglary"
"199",2018-04-19,2,"Residential Burglary"
"200",2018-04-20,2,"Residential Burglary"
"201",2018-04-21,3,"Residential Burglary"
"202",2018-04-22,1,"Residential Burglary"
"203",2018-04-23,0,"Residential Burglary"
"204",2018-04-24,1,"Residential Burglary"
"205",2018-04-25,2,"Residential Burglary"
"206",2018-04-26,2,"Residential Burglary"
"207",2018-04-27,5,"Residential Burglary"
"208",2018-04-28,2,"Residential Burglary"
"209",2018-04-29,4,"Residential Burglary"
"210",2018-04-30,3,"Residential Burglary"
"211",2018-04-01,11,"Investigate Property"
"212",2018-04-02,10,"Investigate Property"
"213",2018-04-03,10,"Investigate Property"
"214",2018-04-04,6,"Investigate Property"
"215",2018-04-05,15,"Investigate Property"
"216",2018-04-06,11,"Investigate Property"
"217",2018-04-07,11,"Investigate Property"
"218",2018-04-08,15,"Investigate Property"
"219",2018-04-09,11,"Investigate Property"
"220",2018-04-10,14,"Investigate Property"
"221",2018-04-11,9,"Investigate Property"
"222",2018-04-12,14,"Investigate Property"
"223",2018-04-13,10,"Investigate Property"
"224",2018-04-14,12,"Investigate Property"
"225",2018-04-15,7,"Investigate Property"
"226",2018-04-16,11,"Investigate Property"
"227",2018-04-17,8,"Investigate Property"
"228",2018-04-18,9,"Investigate Property"
"229",2018-04-19,11,"Investigate Property"
"230",2018-04-20,15,"Investigate Property"
"231",2018-04-21,3,"Investigate Property"
"232",2018-04-22,10,"Investigate Property"
"233",2018-04-23,8,"Investigate Property"
"234",2018-04-24,9,"Investigate Property"
"235",2018-04-25,8,"Investigate Property"
"236",2018-04-26,7,"Investigate Property"
"237",2018-04-27,3,"Investigate Property"
"238",2018-04-28,9,"Investigate Property"
"239",2018-04-29,4,"Investigate Property"
"240",2018-04-30,7,"Investigate Property"
"241",2018-04-01,13,"Medical Assistance"
"242",2018-04-02,26,"Medical Assistance"
"243",2018-04-03,20,"Medical Assistance"
"244",2018-04-04,19,"Medical Assistance"
"245",2018-04-05,26,"Medical Assistance"
"246",2018-04-06,21,"Medical Assistance"
"247",2018-04-07,19,"Medical Assistance"
"248",2018-04-08,24,"Medical Assistance"
"249",2018-04-09,24,"Medical Assistance"
"250",2018-04-10,22,"Medical Assistance"
"251",2018-04-11,28,"Medical Assistance"
"252",2018-04-12,31,"Medical Assistance"
"253",2018-04-13,17,"Medical Assistance"
"254",2018-04-14,14,"Medical Assistance"
"255",2018-04-15,13,"Medical Assistance"
"256",2018-04-16,29,"Medical Assistance"
"257",2018-04-17,29,"Medical Assistance"
"258",2018-04-18,20,"Medical Assistance"
"259",2018-04-19,24,"Medical Assistance"
"260",2018-04-20,28,"Medical Assistance"
"261",2018-04-21,20,"Medical Assistance"
"262",2018-04-22,19,"Medical Assistance"
"263",2018-04-23,23,"Medical Assistance"
"264",2018-04-24,29,"Medical Assistance"
"265",2018-04-25,30,"Medical Assistance"
"266",2018-04-26,26,"Medical Assistance"
"267",2018-04-27,25,"Medical Assistance"
"268",2018-04-28,14,"Medical Assistance"
"269",2018-04-29,30,"Medical Assistance"
"270",2018-04-30,15,"Medical Assistance"
"271",2018-04-01,1,"Other Burglary"
"272",2018-04-02,0,"Other Burglary"
"273",2018-04-03,1,"Other Burglary"
"274",2018-04-04,0,"Other Burglary"
"275",2018-04-05,0,"Other Burglary"
"276",2018-04-06,0,"Other Burglary"
"277",2018-04-07,0,"Other Burglary"
"278",2018-04-08,0,"Other Burglary"
"279",2018-04-09,0,"Other Burglary"
"280",2018-04-10,1,"Other Burglary"
"281",2018-04-11,0,"Other Burglary"
"282",2018-04-12,1,"Other Burglary"
"283",2018-04-13,0,"Other Burglary"
"284",2018-04-14,0,"Other Burglary"
"285",2018-04-15,1,"Other Burglary"
"286",2018-04-16,0,"Other Burglary"
"287",2018-04-17,0,"Other Burglary"
"288",2018-04-18,0,"Other Burglary"
"289",2018-04-19,0,"Other Burglary"
"290",2018-04-20,0,"Other Burglary"
"291",2018-04-21,0,"Other Burglary"
"292",2018-04-22,1,"Other Burglary"
"293",2018-04-23,0,"Other Burglary"
"294",2018-04-24,0,"Other Burglary"
"295",2018-04-25,0,"Other Burglary"
"296",2018-04-26,0,"Other Burglary"
"297",2018-04-27,0,"Other Burglary"
"298",2018-04-28,0,"Other Burglary"
"299",2018-04-29,1,"Other Burglary"
"300",2018-04-30,0,"Other Burglary"
"301",2018-04-01,15,"Simple Assault"
"302",2018-04-02,17,"Simple Assault"
"303",2018-04-03,9,"Simple Assault"
"304",2018-04-04,17,"Simple Assault"
"305",2018-04-05,13,"Simple Assault"
"306",2018-04-06,12,"Simple Assault"
"307",2018-04-07,18,"Simple Assault"
"308",2018-04-08,8,"Simple Assault"
"309",2018-04-09,7,"Simple Assault"
"310",2018-04-10,13,"Simple Assault"
"311",2018-04-11,19,"Simple Assault"
"312",2018-04-12,16,"Simple Assault"
"313",2018-04-13,15,"Simple Assault"
"314",2018-04-14,21,"Simple Assault"
"315",2018-04-15,10,"Simple Assault"
"316",2018-04-16,8,"Simple Assault"
"317",2018-04-17,12,"Simple Assault"
"318",2018-04-18,12,"Simple Assault"
"319",2018-04-19,10,"Simple Assault"
"320",2018-04-20,17,"Simple Assault"
"321",2018-04-21,12,"Simple Assault"
"322",2018-04-22,13,"Simple Assault"
"323",2018-04-23,5,"Simple Assault"
"324",2018-04-24,11,"Simple Assault"
"325",2018-04-25,13,"Simple Assault"
"326",2018-04-26,17,"Simple Assault"
"327",2018-04-27,13,"Simple Assault"
"328",2018-04-28,11,"Simple Assault"
"329",2018-04-29,10,"Simple Assault"
"330",2018-04-30,10,"Simple Assault"
"331",2018-04-01,4,"Violations"
"332",2018-04-02,7,"Violations"
"333",2018-04-03,3,"Violations"
"334",2018-04-04,6,"Violations"
"335",2018-04-05,9,"Violations"
"336",2018-04-06,4,"Violations"
"337",2018-04-07,1,"Violations"
"338",2018-04-08,2,"Violations"
"339",2018-04-09,7,"Violations"
"340",2018-04-10,4,"Violations"
"341",2018-04-11,8,"Violations"
"342",2018-04-12,6,"Violations"
"343",2018-04-13,4,"Violations"
"344",2018-04-14,6,"Violations"
"345",2018-04-15,6,"Violations"
"346",2018-04-16,1,"Violations"
"347",2018-04-17,4,"Violations"
"348",2018-04-18,5,"Violations"
"349",2018-04-19,3,"Violations"
"350",2018-04-20,4,"Violations"
"351",2018-04-21,7,"Violations"
"352",2018-04-22,3,"Violations"
"353",2018-04-23,0,"Violations"
"354",2018-04-24,5,"Violations"
"355",2018-04-25,6,"Violations"
"356",2018-04-26,3,"Violations"
"357",2018-04-27,6,"Violations"
"358",2018-04-28,2,"Violations"
"359",2018-04-29,0,"Violations"
"360",2018-04-30,3,"Violations"
"361",2018-04-01,16,"Larceny"
"362",2018-04-02,25,"Larceny"
"363",2018-04-03,20,"Larceny"
"364",2018-04-04,21,"Larceny"
"365",2018-04-05,19,"Larceny"
"366",2018-04-06,18,"Larceny"
"367",2018-04-07,21,"Larceny"
"368",2018-04-08,13,"Larceny"
"369",2018-04-09,9,"Larceny"
"370",2018-04-10,27,"Larceny"
"371",2018-04-11,21,"Larceny"
"372",2018-04-12,22,"Larceny"
"373",2018-04-13,25,"Larceny"
"374",2018-04-14,19,"Larceny"
"375",2018-04-15,14,"Larceny"
"376",2018-04-16,12,"Larceny"
"377",2018-04-17,17,"Larceny"
"378",2018-04-18,17,"Larceny"
"379",2018-04-19,21,"Larceny"
"380",2018-04-20,23,"Larceny"
"381",2018-04-21,23,"Larceny"
"382",2018-04-22,17,"Larceny"
"383",2018-04-23,16,"Larceny"
"384",2018-04-24,15,"Larceny"
"385",2018-04-25,12,"Larceny"
"386",2018-04-26,20,"Larceny"
"387",2018-04-27,23,"Larceny"
"388",2018-04-28,17,"Larceny"
"389",2018-04-29,16,"Larceny"
"390",2018-04-30,17,"Larceny"
"391",2018-04-01,8,"Aggravated Assault"
"392",2018-04-02,4,"Aggravated Assault"
"393",2018-04-03,6,"Aggravated Assault"
"394",2018-04-04,5,"Aggravated Assault"
"395",2018-04-05,4,"Aggravated Assault"
"396",2018-04-06,7,"Aggravated Assault"
"397",2018-04-07,3,"Aggravated Assault"
"398",2018-04-08,3,"Aggravated Assault"
"399",2018-04-09,4,"Aggravated Assault"
"400",2018-04-10,3,"Aggravated Assault"
"401",2018-04-11,2,"Aggravated Assault"
"402",2018-04-12,4,"Aggravated Assault"
"403",2018-04-13,8,"Aggravated Assault"
"404",2018-04-14,10,"Aggravated Assault"
"405",2018-04-15,2,"Aggravated Assault"
"406",2018-04-16,5,"Aggravated Assault"
"407",2018-04-17,5,"Aggravated Assault"
"408",2018-04-18,4,"Aggravated Assault"
"409",2018-04-19,7,"Aggravated Assault"
"410",2018-04-20,7,"Aggravated Assault"
"411",2018-04-21,8,"Aggravated Assault"
"412",2018-04-22,9,"Aggravated Assault"
"413",2018-04-23,3,"Aggravated Assault"
"414",2018-04-24,5,"Aggravated Assault"
"415",2018-04-25,9,"Aggravated Assault"
"416",2018-04-26,4,"Aggravated Assault"
"417",2018-04-27,6,"Aggravated Assault"
"418",2018-04-28,6,"Aggravated Assault"
"419",2018-04-29,7,"Aggravated Assault"
"420",2018-04-30,5,"Aggravated Assault"
"421",2018-04-01,5,"Harassment"
"422",2018-04-02,7,"Harassment"
"423",2018-04-03,7,"Harassment"
"424",2018-04-04,4,"Harassment"
"425",2018-04-05,4,"Harassment"
"426",2018-04-06,4,"Harassment"
"427",2018-04-07,5,"Harassment"
"428",2018-04-08,4,"Harassment"
"429",2018-04-09,4,"Harassment"
"430",2018-04-10,2,"Harassment"
"431",2018-04-11,3,"Harassment"
"432",2018-04-12,3,"Harassment"
"433",2018-04-13,2,"Harassment"
"434",2018-04-14,5,"Harassment"
"435",2018-04-15,0,"Harassment"
"436",2018-04-16,7,"Harassment"
"437",2018-04-17,4,"Harassment"
"438",2018-04-18,5,"Harassment"
"439",2018-04-19,4,"Harassment"
"440",2018-04-20,2,"Harassment"
"441",2018-04-21,2,"Harassment"
"442",2018-04-22,4,"Harassment"
"443",2018-04-23,8,"Harassment"
"444",2018-04-24,3,"Harassment"
"445",2018-04-25,0,"Harassment"
"446",2018-04-26,9,"Harassment"
"447",2018-04-27,2,"Harassment"
"448",2018-04-28,2,"Harassment"
"449",2018-04-29,2,"Harassment"
"450",2018-04-30,5,"Harassment"
"451",2018-04-01,5,"Auto Theft"
"452",2018-04-02,3,"Auto Theft"
"453",2018-04-03,2,"Auto Theft"
"454",2018-04-04,2,"Auto Theft"
"455",2018-04-05,7,"Auto Theft"
"456",2018-04-06,5,"Auto Theft"
"457",2018-04-07,4,"Auto Theft"
"458",2018-04-08,5,"Auto Theft"
"459",2018-04-09,0,"Auto Theft"
"460",2018-04-10,3,"Auto Theft"
"461",2018-04-11,0,"Auto Theft"
"462",2018-04-12,3,"Auto Theft"
"463",2018-04-13,5,"Auto Theft"
"464",2018-04-14,5,"Auto Theft"
"465",2018-04-15,2,"Auto Theft"
"466",2018-04-16,2,"Auto Theft"
"467",2018-04-17,3,"Auto Theft"
"468",2018-04-18,1,"Auto Theft"
"469",2018-04-19,5,"Auto Theft"
"470",2018-04-20,0,"Auto Theft"
"471",2018-04-21,3,"Auto Theft"
"472",2018-04-22,4,"Auto Theft"
"473",2018-04-23,2,"Auto Theft"
"474",2018-04-24,3,"Auto Theft"
"475",2018-04-25,2,"Auto Theft"
"476",2018-04-26,3,"Auto Theft"
"477",2018-04-27,2,"Auto Theft"
"478",2018-04-28,2,"Auto Theft"
"479",2018-04-29,1,"Auto Theft"
"480",2018-04-30,2,"Auto Theft"
"481",2018-04-01,10,"Other"
"482",2018-04-02,12,"Other"
"483",2018-04-03,17,"Other"
"484",2018-04-04,19,"Other"
"485",2018-04-05,23,"Other"
"486",2018-04-06,9,"Other"
"487",2018-04-07,9,"Other"
"488",2018-04-08,8,"Other"
"489",2018-04-09,17,"Other"
"490",2018-04-10,15,"Other"
"491",2018-04-11,20,"Other"
"492",2018-04-12,16,"Other"
"493",2018-04-13,12,"Other"
"494",2018-04-14,12,"Other"
"495",2018-04-15,7,"Other"
"496",2018-04-16,11,"Other"
"497",2018-04-17,12,"Other"
"498",2018-04-18,21,"Other"
"499",2018-04-19,13,"Other"
"500",2018-04-20,14,"Other"
"501",2018-04-21,10,"Other"
"502",2018-04-22,6,"Other"
"503",2018-04-23,10,"Other"
"504",2018-04-24,9,"Other"
"505",2018-04-25,18,"Other"
"506",2018-04-26,14,"Other"
"507",2018-04-27,13,"Other"
"508",2018-04-28,14,"Other"
"509",2018-04-29,12,"Other"
"510",2018-04-30,11,"Other"
"511",2018-04-01,7,"Larceny From Motor Vehicle"
"512",2018-04-02,9,"Larceny From Motor Vehicle"
"513",2018-04-03,3,"Larceny From Motor Vehicle"
"514",2018-04-04,5,"Larceny From Motor Vehicle"
"515",2018-04-05,2,"Larceny From Motor Vehicle"
"516",2018-04-06,9,"Larceny From Motor Vehicle"
"517",2018-04-07,15,"Larceny From Motor Vehicle"
"518",2018-04-08,5,"Larceny From Motor Vehicle"
"519",2018-04-09,7,"Larceny From Motor Vehicle"
"520",2018-04-10,11,"Larceny From Motor Vehicle"
"521",2018-04-11,6,"Larceny From Motor Vehicle"
"522",2018-04-12,7,"Larceny From Motor Vehicle"
"523",2018-04-13,7,"Larceny From Motor Vehicle"
"524",2018-04-14,5,"Larceny From Motor Vehicle"
"525",2018-04-15,6,"Larceny From Motor Vehicle"
"526",2018-04-16,4,"Larceny From Motor Vehicle"
"527",2018-04-17,4,"Larceny From Motor Vehicle"
"528",2018-04-18,7,"Larceny From Motor Vehicle"
"529",2018-04-19,10,"Larceny From Motor Vehicle"
"530",2018-04-20,4,"Larceny From Motor Vehicle"
"531",2018-04-21,9,"Larceny From Motor Vehicle"
"532",2018-04-22,9,"Larceny From Motor Vehicle"
"533",2018-04-23,4,"Larceny From Motor Vehicle"
"534",2018-04-24,7,"Larceny From Motor Vehicle"
"535",2018-04-25,2,"Larceny From Motor Vehicle"
"536",2018-04-26,10,"Larceny From Motor Vehicle"
"537",2018-04-27,7,"Larceny From Motor Vehicle"
"538",2018-04-28,6,"Larceny From Motor Vehicle"
"539",2018-04-29,3,"Larceny From Motor Vehicle"
"540",2018-04-30,2,"Larceny From Motor Vehicle"
"541",2018-04-01,0,"Warrant Arrests"
"542",2018-04-02,4,"Warrant Arrests"
"543",2018-04-03,2,"Warrant Arrests"
"544",2018-04-04,2,"Warrant Arrests"
"545",2018-04-05,1,"Warrant Arrests"
"546",2018-04-06,3,"Warrant Arrests"
"547",2018-04-07,1,"Warrant Arrests"
"548",2018-04-08,3,"Warrant Arrests"
"549",2018-04-09,3,"Warrant Arrests"
"550",2018-04-10,4,"Warrant Arrests"
"551",2018-04-11,4,"Warrant Arrests"
"552",2018-04-12,4,"Warrant Arrests"
"553",2018-04-13,9,"Warrant Arrests"
"554",2018-04-14,0,"Warrant Arrests"
"555",2018-04-15,2,"Warrant Arrests"
"556",2018-04-16,1,"Warrant Arrests"
"557",2018-04-17,5,"Warrant Arrests"
"558",2018-04-18,2,"Warrant Arrests"
"559",2018-04-19,2,"Warrant Arrests"
"560",2018-04-20,4,"Warrant Arrests"
"561",2018-04-21,2,"Warrant Arrests"
"562",2018-04-22,4,"Warrant Arrests"
"563",2018-04-23,2,"Warrant Arrests"
"564",2018-04-24,4,"Warrant Arrests"
"565",2018-04-25,4,"Warrant Arrests"
"566",2018-04-26,3,"Warrant Arrests"
"567",2018-04-27,5,"Warrant Arrests"
"568",2018-04-28,0,"Warrant Arrests"
"569",2018-04-29,3,"Warrant Arrests"
"570",2018-04-30,1,"Warrant Arrests"
"571",2018-04-01,8,"Property Lost"
"572",2018-04-02,4,"Property Lost"
"573",2018-04-03,9,"Property Lost"
"574",2018-04-04,4,"Property Lost"
"575",2018-04-05,5,"Property Lost"
"576",2018-04-06,14,"Property Lost"
"577",2018-04-07,8,"Property Lost"
"578",2018-04-08,11,"Property Lost"
"579",2018-04-09,8,"Property Lost"
"580",2018-04-10,7,"Property Lost"
"581",2018-04-11,10,"Property Lost"
"582",2018-04-12,7,"Property Lost"
"583",2018-04-13,8,"Property Lost"
"584",2018-04-14,8,"Property Lost"
"585",2018-04-15,7,"Property Lost"
"586",2018-04-16,4,"Property Lost"
"587",2018-04-17,10,"Property Lost"
"588",2018-04-18,4,"Property Lost"
"589",2018-04-19,4,"Property Lost"
"590",2018-04-20,5,"Property Lost"
"591",2018-04-21,6,"Property Lost"
"592",2018-04-22,5,"Property Lost"
"593",2018-04-23,9,"Property Lost"
"594",2018-04-24,12,"Property Lost"
"595",2018-04-25,3,"Property Lost"
"596",2018-04-26,8,"Property Lost"
"597",2018-04-27,5,"Property Lost"
"598",2018-04-28,5,"Property Lost"
"599",2018-04-29,5,"Property Lost"
"600",2018-04-30,5,"Property Lost"
"601",2018-04-01,2,"Robbery"
"602",2018-04-02,1,"Robbery"
"603",2018-04-03,3,"Robbery"
"604",2018-04-04,4,"Robbery"
"605",2018-04-05,2,"Robbery"
"606",2018-04-06,1,"Robbery"
"607",2018-04-07,5,"Robbery"
"608",2018-04-08,2,"Robbery"
"609",2018-04-09,1,"Robbery"
"610",2018-04-10,3,"Robbery"
"611",2018-04-11,4,"Robbery"
"612",2018-04-12,1,"Robbery"
"613",2018-04-13,4,"Robbery"
"614",2018-04-14,3,"Robbery"
"615",2018-04-15,3,"Robbery"
"616",2018-04-16,1,"Robbery"
"617",2018-04-17,1,"Robbery"
"618",2018-04-18,1,"Robbery"
"619",2018-04-19,6,"Robbery"
"620",2018-04-20,0,"Robbery"
"621",2018-04-21,2,"Robbery"
"622",2018-04-22,3,"Robbery"
"623",2018-04-23,1,"Robbery"
"624",2018-04-24,0,"Robbery"
"625",2018-04-25,5,"Robbery"
"626",2018-04-26,1,"Robbery"
"627",2018-04-27,2,"Robbery"
"628",2018-04-28,3,"Robbery"
"629",2018-04-29,2,"Robbery"
"630",2018-04-30,1,"Robbery"
"631",2018-04-01,1,"Property Found"
"632",2018-04-02,4,"Property Found"
"633",2018-04-03,6,"Property Found"
"634",2018-04-04,6,"Property Found"
"635",2018-04-05,1,"Property Found"
"636",2018-04-06,2,"Property Found"
"637",2018-04-07,5,"Property Found"
"638",2018-04-08,5,"Property Found"
"639",2018-04-09,3,"Property Found"
"640",2018-04-10,6,"Property Found"
"641",2018-04-11,5,"Property Found"
"642",2018-04-12,5,"Property Found"
"643",2018-04-13,4,"Property Found"
"644",2018-04-14,5,"Property Found"
"645",2018-04-15,2,"Property Found"
"646",2018-04-16,2,"Property Found"
"647",2018-04-17,11,"Property Found"
"648",2018-04-18,3,"Property Found"
"649",2018-04-19,1,"Property Found"
"650",2018-04-20,4,"Property Found"
"651",2018-04-21,3,"Property Found"
"652",2018-04-22,2,"Property Found"
"653",2018-04-23,0,"Property Found"
"654",2018-04-24,2,"Property Found"
"655",2018-04-25,3,"Property Found"
"656",2018-04-26,3,"Property Found"
"657",2018-04-27,0,"Property Found"
"658",2018-04-28,3,"Property Found"
"659",2018-04-29,0,"Property Found"
"660",2018-04-30,2,"Property Found"
"661",2018-04-01,10,"Vandalism"
"662",2018-04-02,5,"Vandalism"
"663",2018-04-03,7,"Vandalism"
"664",2018-04-04,12,"Vandalism"
"665",2018-04-05,6,"Vandalism"
"666",2018-04-06,7,"Vandalism"
"667",2018-04-07,9,"Vandalism"
"668",2018-04-08,8,"Vandalism"
"669",2018-04-09,7,"Vandalism"
"670",2018-04-10,13,"Vandalism"
"671",2018-04-11,4,"Vandalism"
"672",2018-04-12,5,"Vandalism"
"673",2018-04-13,11,"Vandalism"
"674",2018-04-14,11,"Vandalism"
"675",2018-04-15,6,"Vandalism"
"676",2018-04-16,11,"Vandalism"
"677",2018-04-17,10,"Vandalism"
"678",2018-04-18,8,"Vandalism"
"679",2018-04-19,8,"Vandalism"
"680",2018-04-20,7,"Vandalism"
"681",2018-04-21,10,"Vandalism"
"682",2018-04-22,8,"Vandalism"
"683",2018-04-23,8,"Vandalism"
"684",2018-04-24,9,"Vandalism"
"685",2018-04-25,10,"Vandalism"
"686",2018-04-26,9,"Vandalism"
"687",2018-04-27,15,"Vandalism"
"688",2018-04-28,13,"Vandalism"
"689",2018-04-29,9,"Vandalism"
"690",2018-04-30,0,"Vandalism"
"691",2018-04-01,4,"Fraud"
"692",2018-04-02,6,"Fraud"
"693",2018-04-03,9,"Fraud"
"694",2018-04-04,6,"Fraud"
"695",2018-04-05,9,"Fraud"
"696",2018-04-06,5,"Fraud"
"697",2018-04-07,7,"Fraud"
"698",2018-04-08,1,"Fraud"
"699",2018-04-09,5,"Fraud"
"700",2018-04-10,11,"Fraud"
"701",2018-04-11,4,"Fraud"
"702",2018-04-12,6,"Fraud"
"703",2018-04-13,4,"Fraud"
"704",2018-04-14,2,"Fraud"
"705",2018-04-15,1,"Fraud"
"706",2018-04-16,2,"Fraud"
"707",2018-04-17,5,"Fraud"
"708",2018-04-18,3,"Fraud"
"709",2018-04-19,4,"Fraud"
"710",2018-04-20,6,"Fraud"
"711",2018-04-21,5,"Fraud"
"712",2018-04-22,3,"Fraud"
"713",2018-04-23,3,"Fraud"
"714",2018-04-24,6,"Fraud"
"715",2018-04-25,1,"Fraud"
"716",2018-04-26,6,"Fraud"
"717",2018-04-27,1,"Fraud"
"718",2018-04-28,0,"Fraud"
"719",2018-04-29,1,"Fraud"
"720",2018-04-30,4,"Fraud"
"721",2018-04-01,0,"Missing Person Reported"
"722",2018-04-02,2,"Missing Person Reported"
"723",2018-04-03,1,"Missing Person Reported"
"724",2018-04-04,3,"Missing Person Reported"
"725",2018-04-05,2,"Missing Person Reported"
"726",2018-04-06,5,"Missing Person Reported"
"727",2018-04-07,2,"Missing Person Reported"
"728",2018-04-08,4,"Missing Person Reported"
"729",2018-04-09,1,"Missing Person Reported"
"730",2018-04-10,0,"Missing Person Reported"
"731",2018-04-11,3,"Missing Person Reported"
"732",2018-04-12,4,"Missing Person Reported"
"733",2018-04-13,4,"Missing Person Reported"
"734",2018-04-14,5,"Missing Person Reported"
"735",2018-04-15,4,"Missing Person Reported"
"736",2018-04-16,2,"Missing Person Reported"
"737",2018-04-17,3,"Missing Person Reported"
"738",2018-04-18,4,"Missing Person Reported"
"739",2018-04-19,4,"Missing Person Reported"
"740",2018-04-20,7,"Missing Person Reported"
"741",2018-04-21,5,"Missing Person Reported"
"742",2018-04-22,1,"Missing Person Reported"
"743",2018-04-23,2,"Missing Person Reported"
"744",2018-04-24,4,"Missing Person Reported"
"745",2018-04-25,4,"Missing Person Reported"
"746",2018-04-26,2,"Missing Person Reported"
"747",2018-04-27,2,"Missing Person Reported"
"748",2018-04-28,1,"Missing Person Reported"
"749",2018-04-29,4,"Missing Person Reported"
"750",2018-04-30,4,"Missing Person Reported"
"751",2018-04-01,0,"License Plate Related Incidents"
"752",2018-04-02,0,"License Plate Related Incidents"
"753",2018-04-03,1,"License Plate Related Incidents"
"754",2018-04-04,0,"License Plate Related Incidents"
"755",2018-04-05,1,"License Plate Related Incidents"
"756",2018-04-06,1,"License Plate Related Incidents"
"757",2018-04-07,0,"License Plate Related Incidents"
"758",2018-04-08,0,"License Plate Related Incidents"
"759",2018-04-09,1,"License Plate Related Incidents"
"760",2018-04-10,1,"License Plate Related Incidents"
"761",2018-04-11,0,"License Plate Related Incidents"
"762",2018-04-12,0,"License Plate Related Incidents"
"763",2018-04-13,0,"License Plate Related Incidents"
"764",2018-04-14,0,"License Plate Related Incidents"
"765",2018-04-15,0,"License Plate Related Incidents"
"766",2018-04-16,0,"License Plate Related Incidents"
"767",2018-04-17,0,"License Plate Related Incidents"
"768",2018-04-18,2,"License Plate Related Incidents"
"769",2018-04-19,1,"License Plate Related Incidents"
"770",2018-04-20,0,"License Plate Related Incidents"
"771",2018-04-21,2,"License Plate Related Incidents"
"772",2018-04-22,0,"License Plate Related Incidents"
"773",2018-04-23,0,"License Plate Related Incidents"
"774",2018-04-24,2,"License Plate Related Incidents"
"775",2018-04-25,0,"License Plate Related Incidents"
"776",2018-04-26,0,"License Plate Related Incidents"
"777",2018-04-27,1,"License Plate Related Incidents"
"778",2018-04-28,0,"License Plate Related Incidents"
"779",2018-04-29,0,"License Plate Related Incidents"
"780",2018-04-30,0,"License Plate Related Incidents"
"781",2018-04-01,0,"Firearm Discovery"
"782",2018-04-02,0,"Firearm Discovery"
"783",2018-04-03,0,"Firearm Discovery"
"784",2018-04-04,0,"Firearm Discovery"
"785",2018-04-05,1,"Firearm Discovery"
"786",2018-04-06,0,"Firearm Discovery"
"787",2018-04-07,0,"Firearm Discovery"
"788",2018-04-08,0,"Firearm Discovery"
"789",2018-04-09,0,"Firearm Discovery"
"790",2018-04-10,0,"Firearm Discovery"
"791",2018-04-11,0,"Firearm Discovery"
"792",2018-04-12,1,"Firearm Discovery"
"793",2018-04-13,0,"Firearm Discovery"
"794",2018-04-14,0,"Firearm Discovery"
"795",2018-04-15,1,"Firearm Discovery"
"796",2018-04-16,0,"Firearm Discovery"
"797",2018-04-17,1,"Firearm Discovery"
"798",2018-04-18,1,"Firearm Discovery"
"799",2018-04-19,2,"Firearm Discovery"
"800",2018-04-20,0,"Firearm Discovery"
"801",2018-04-21,0,"Firearm Discovery"
"802",2018-04-22,2,"Firearm Discovery"
"803",2018-04-23,0,"Firearm Discovery"
"804",2018-04-24,0,"Firearm Discovery"
"805",2018-04-25,1,"Firearm Discovery"
"806",2018-04-26,1,"Firearm Discovery"
"807",2018-04-27,0,"Firearm Discovery"
"808",2018-04-28,0,"Firearm Discovery"
"809",2018-04-29,0,"Firearm Discovery"
"810",2018-04-30,1,"Firearm Discovery"
"811",2018-04-01,2,"License Violation"
"812",2018-04-02,1,"License Violation"
"813",2018-04-03,0,"License Violation"
"814",2018-04-04,4,"License Violation"
"815",2018-04-05,3,"License Violation"
"816",2018-04-06,3,"License Violation"
"817",2018-04-07,7,"License Violation"
"818",2018-04-08,0,"License Violation"
"819",2018-04-09,3,"License Violation"
"820",2018-04-10,3,"License Violation"
"821",2018-04-11,0,"License Violation"
"822",2018-04-12,0,"License Violation"
"823",2018-04-13,1,"License Violation"
"824",2018-04-14,2,"License Violation"
"825",2018-04-15,1,"License Violation"
"826",2018-04-16,1,"License Violation"
"827",2018-04-17,9,"License Violation"
"828",2018-04-18,7,"License Violation"
"829",2018-04-19,5,"License Violation"
"830",2018-04-20,1,"License Violation"
"831",2018-04-21,1,"License Violation"
"832",2018-04-22,0,"License Violation"
"833",2018-04-23,2,"License Violation"
"834",2018-04-24,0,"License Violation"
"835",2018-04-25,9,"License Violation"
"836",2018-04-26,0,"License Violation"
"837",2018-04-27,1,"License Violation"
"838",2018-04-28,0,"License Violation"
"839",2018-04-29,0,"License Violation"
"840",2018-04-30,2,"License Violation"
"841",2018-04-01,0,"Confidence Games"
"842",2018-04-02,4,"Confidence Games"
"843",2018-04-03,1,"Confidence Games"
"844",2018-04-04,1,"Confidence Games"
"845",2018-04-05,3,"Confidence Games"
"846",2018-04-06,1,"Confidence Games"
"847",2018-04-07,1,"Confidence Games"
"848",2018-04-08,3,"Confidence Games"
"849",2018-04-09,3,"Confidence Games"
"850",2018-04-10,2,"Confidence Games"
"851",2018-04-11,4,"Confidence Games"
"852",2018-04-12,2,"Confidence Games"
"853",2018-04-13,4,"Confidence Games"
"854",2018-04-14,2,"Confidence Games"
"855",2018-04-15,1,"Confidence Games"
"856",2018-04-16,2,"Confidence Games"
"857",2018-04-17,2,"Confidence Games"
"858",2018-04-18,0,"Confidence Games"
"859",2018-04-19,1,"Confidence Games"
"860",2018-04-20,1,"Confidence Games"
"861",2018-04-21,3,"Confidence Games"
"862",2018-04-22,1,"Confidence Games"
"863",2018-04-23,1,"Confidence Games"
"864",2018-04-24,0,"Confidence Games"
"865",2018-04-25,4,"Confidence Games"
"866",2018-04-26,0,"Confidence Games"
"867",2018-04-27,1,"Confidence Games"
"868",2018-04-28,5,"Confidence Games"
"869",2018-04-29,2,"Confidence Games"
"870",2018-04-30,1,"Confidence Games"
"871",2018-04-01,2,"Auto Theft Recovery"
"872",2018-04-02,1,"Auto Theft Recovery"
"873",2018-04-03,0,"Auto Theft Recovery"
"874",2018-04-04,3,"Auto Theft Recovery"
"875",2018-04-05,3,"Auto Theft Recovery"
"876",2018-04-06,0,"Auto Theft Recovery"
"877",2018-04-07,1,"Auto Theft Recovery"
"878",2018-04-08,0,"Auto Theft Recovery"
"879",2018-04-09,1,"Auto Theft Recovery"
"880",2018-04-10,1,"Auto Theft Recovery"
"881",2018-04-11,2,"Auto Theft Recovery"
"882",2018-04-12,1,"Auto Theft Recovery"
"883",2018-04-13,0,"Auto Theft Recovery"
"884",2018-04-14,0,"Auto Theft Recovery"
"885",2018-04-15,0,"Auto Theft Recovery"
"886",2018-04-16,0,"Auto Theft Recovery"
"887",2018-04-17,2,"Auto Theft Recovery"
"888",2018-04-18,1,"Auto Theft Recovery"
"889",2018-04-19,0,"Auto Theft Recovery"
"890",2018-04-20,1,"Auto Theft Recovery"
"891",2018-04-21,0,"Auto Theft Recovery"
"892",2018-04-22,0,"Auto Theft Recovery"
"893",2018-04-23,1,"Auto Theft Recovery"
"894",2018-04-24,2,"Auto Theft Recovery"
"895",2018-04-25,2,"Auto Theft Recovery"
"896",2018-04-26,1,"Auto Theft Recovery"
"897",2018-04-27,0,"Auto Theft Recovery"
"898",2018-04-28,1,"Auto Theft Recovery"
"899",2018-04-29,0,"Auto Theft Recovery"
"900",2018-04-30,1,"Auto Theft Recovery"
"901",2018-04-01,1,"Police Service Incidents"
"902",2018-04-02,5,"Police Service Incidents"
"903",2018-04-03,2,"Police Service Incidents"
"904",2018-04-04,6,"Police Service Incidents"
"905",2018-04-05,2,"Police Service Incidents"
"906",2018-04-06,2,"Police Service Incidents"
"907",2018-04-07,2,"Police Service Incidents"
"908",2018-04-08,3,"Police Service Incidents"
"909",2018-04-09,2,"Police Service Incidents"
"910",2018-04-10,4,"Police Service Incidents"
"911",2018-04-11,4,"Police Service Incidents"
"912",2018-04-12,3,"Police Service Incidents"
"913",2018-04-13,1,"Police Service Incidents"
"914",2018-04-14,1,"Police Service Incidents"
"915",2018-04-15,1,"Police Service Incidents"
"916",2018-04-16,2,"Police Service Incidents"
"917",2018-04-17,6,"Police Service Incidents"
"918",2018-04-18,3,"Police Service Incidents"
"919",2018-04-19,2,"Police Service Incidents"
"920",2018-04-20,4,"Police Service Incidents"
"921",2018-04-21,1,"Police Service Incidents"
"922",2018-04-22,1,"Police Service Incidents"
"923",2018-04-23,1,"Police Service Incidents"
"924",2018-04-24,3,"Police Service Incidents"
"925",2018-04-25,2,"Police Service Incidents"
"926",2018-04-26,2,"Police Service Incidents"
"927",2018-04-27,2,"Police Service Incidents"
"928",2018-04-28,0,"Police Service Incidents"
"929",2018-04-29,1,"Police Service Incidents"
"930",2018-04-30,2,"Police Service Incidents"
"931",2018-04-01,2,"Disorderly Conduct"
"932",2018-04-02,0,"Disorderly Conduct"
"933",2018-04-03,2,"Disorderly Conduct"
"934",2018-04-04,1,"Disorderly Conduct"
"935",2018-04-05,3,"Disorderly Conduct"
"936",2018-04-06,0,"Disorderly Conduct"
"937",2018-04-07,3,"Disorderly Conduct"
"938",2018-04-08,3,"Disorderly Conduct"
"939",2018-04-09,2,"Disorderly Conduct"
"940",2018-04-10,1,"Disorderly Conduct"
"941",2018-04-11,2,"Disorderly Conduct"
"942",2018-04-12,2,"Disorderly Conduct"
"943",2018-04-13,0,"Disorderly Conduct"
"944",2018-04-14,0,"Disorderly Conduct"
"945",2018-04-15,0,"Disorderly Conduct"
"946",2018-04-16,2,"Disorderly Conduct"
"947",2018-04-17,0,"Disorderly Conduct"
"948",2018-04-18,2,"Disorderly Conduct"
"949",2018-04-19,0,"Disorderly Conduct"
"950",2018-04-20,2,"Disorderly Conduct"
"951",2018-04-21,4,"Disorderly Conduct"
"952",2018-04-22,0,"Disorderly Conduct"
"953",2018-04-23,1,"Disorderly Conduct"
"954",2018-04-24,3,"Disorderly Conduct"
"955",2018-04-25,3,"Disorderly Conduct"
"956",2018-04-26,4,"Disorderly Conduct"
"957",2018-04-27,4,"Disorderly Conduct"
"958",2018-04-28,3,"Disorderly Conduct"
"959",2018-04-29,3,"Disorderly Conduct"
"960",2018-04-30,1,"Disorderly Conduct"
"961",2018-04-01,0,"Evading Fare"
"962",2018-04-02,1,"Evading Fare"
"963",2018-04-03,1,"Evading Fare"
"964",2018-04-04,0,"Evading Fare"
"965",2018-04-05,2,"Evading Fare"
"966",2018-04-06,0,"Evading Fare"
"967",2018-04-07,0,"Evading Fare"
"968",2018-04-08,2,"Evading Fare"
"969",2018-04-09,0,"Evading Fare"
"970",2018-04-10,0,"Evading Fare"
"971",2018-04-11,0,"Evading Fare"
"972",2018-04-12,1,"Evading Fare"
"973",2018-04-13,0,"Evading Fare"
"974",2018-04-14,0,"Evading Fare"
"975",2018-04-15,1,"Evading Fare"
"976",2018-04-16,1,"Evading Fare"
"977",2018-04-17,0,"Evading Fare"
"978",2018-04-18,0,"Evading Fare"
"979",2018-04-19,0,"Evading Fare"
"980",2018-04-20,1,"Evading Fare"
"981",2018-04-21,1,"Evading Fare"
"982",2018-04-22,0,"Evading Fare"
"983",2018-04-23,0,"Evading Fare"
"984",2018-04-24,0,"Evading Fare"
"985",2018-04-25,0,"Evading Fare"
"986",2018-04-26,0,"Evading Fare"
"987",2018-04-27,0,"Evading Fare"
"988",2018-04-28,1,"Evading Fare"
"989",2018-04-29,0,"Evading Fare"
"990",2018-04-30,1,"Evading Fare"
"991",2018-04-01,1,"Commercial Burglary"
"992",2018-04-02,1,"Commercial Burglary"
"993",2018-04-03,0,"Commercial Burglary"
"994",2018-04-04,0,"Commercial Burglary"
"995",2018-04-05,0,"Commercial Burglary"
"996",2018-04-06,1,"Commercial Burglary"
"997",2018-04-07,0,"Commercial Burglary"
"998",2018-04-08,0,"Commercial Burglary"
"999",2018-04-09,0,"Commercial Burglary"
"1000",2018-04-10,0,"Commercial Burglary"
"1001",2018-04-11,0,"Commercial Burglary"
"1002",2018-04-12,0,"Commercial Burglary"
"1003",2018-04-13,1,"Commercial Burglary"
"1004",2018-04-14,1,"Commercial Burglary"
"1005",2018-04-15,1,"Commercial Burglary"
"1006",2018-04-16,2,"Commercial Burglary"
"1007",2018-04-17,0,"Commercial Burglary"
"1008",2018-04-18,1,"Commercial Burglary"
"1009",2018-04-19,4,"Commercial Burglary"
"1010",2018-04-20,1,"Commercial Burglary"
"1011",2018-04-21,2,"Commercial Burglary"
"1012",2018-04-22,0,"Commercial Burglary"
"1013",2018-04-23,3,"Commercial Burglary"
"1014",2018-04-24,2,"Commercial Burglary"
"1015",2018-04-25,1,"Commercial Burglary"
"1016",2018-04-26,2,"Commercial Burglary"
"1017",2018-04-27,0,"Commercial Burglary"
"1018",2018-04-28,1,"Commercial Burglary"
"1019",2018-04-29,1,"Commercial Burglary"
"1020",2018-04-30,0,"Commercial Burglary"
"1021",2018-04-01,3,"Fire Related Reports"
"1022",2018-04-02,1,"Fire Related Reports"
"1023",2018-04-03,1,"Fire Related Reports"
"1024",2018-04-04,2,"Fire Related Reports"
"1025",2018-04-05,0,"Fire Related Reports"
"1026",2018-04-06,3,"Fire Related Reports"
"1027",2018-04-07,1,"Fire Related Reports"
"1028",2018-04-08,4,"Fire Related Reports"
"1029",2018-04-09,1,"Fire Related Reports"
"1030",2018-04-10,1,"Fire Related Reports"
"1031",2018-04-11,4,"Fire Related Reports"
"1032",2018-04-12,1,"Fire Related Reports"
"1033",2018-04-13,3,"Fire Related Reports"
"1034",2018-04-14,1,"Fire Related Reports"
"1035",2018-04-15,0,"Fire Related Reports"
"1036",2018-04-16,2,"Fire Related Reports"
"1037",2018-04-17,3,"Fire Related Reports"
"1038",2018-04-18,1,"Fire Related Reports"
"1039",2018-04-19,1,"Fire Related Reports"
"1040",2018-04-20,6,"Fire Related Reports"
"1041",2018-04-21,2,"Fire Related Reports"
"1042",2018-04-22,2,"Fire Related Reports"
"1043",2018-04-23,3,"Fire Related Reports"
"1044",2018-04-24,1,"Fire Related Reports"
"1045",2018-04-25,0,"Fire Related Reports"
"1046",2018-04-26,0,"Fire Related Reports"
"1047",2018-04-27,1,"Fire Related Reports"
"1048",2018-04-28,1,"Fire Related Reports"
"1049",2018-04-29,1,"Fire Related Reports"
"1050",2018-04-30,0,"Fire Related Reports"
"1051",2018-04-01,0,"Missing Person Located"
"1052",2018-04-02,2,"Missing Person Located"
"1053",2018-04-03,3,"Missing Person Located"
"1054",2018-04-04,5,"Missing Person Located"
"1055",2018-04-05,5,"Missing Person Located"
"1056",2018-04-06,4,"Missing Person Located"
"1057",2018-04-07,0,"Missing Person Located"
"1058",2018-04-08,5,"Missing Person Located"
"1059",2018-04-09,2,"Missing Person Located"
"1060",2018-04-10,2,"Missing Person Located"
"1061",2018-04-11,5,"Missing Person Located"
"1062",2018-04-12,3,"Missing Person Located"
"1063",2018-04-13,5,"Missing Person Located"
"1064",2018-04-14,6,"Missing Person Located"
"1065",2018-04-15,4,"Missing Person Located"
"1066",2018-04-16,4,"Missing Person Located"
"1067",2018-04-17,2,"Missing Person Located"
"1068",2018-04-18,8,"Missing Person Located"
"1069",2018-04-19,0,"Missing Person Located"
"1070",2018-04-20,5,"Missing Person Located"
"1071",2018-04-21,5,"Missing Person Located"
"1072",2018-04-22,1,"Missing Person Located"
"1073",2018-04-23,5,"Missing Person Located"
"1074",2018-04-24,4,"Missing Person Located"
"1075",2018-04-25,4,"Missing Person Located"
"1076",2018-04-26,1,"Missing Person Located"
"1077",2018-04-27,4,"Missing Person Located"
"1078",2018-04-28,1,"Missing Person Located"
"1079",2018-04-29,1,"Missing Person Located"
"1080",2018-04-30,0,"Missing Person Located"
"1081",2018-04-01,0,"Recovered Stolen Property"
"1082",2018-04-02,1,"Recovered Stolen Property"
"1083",2018-04-03,1,"Recovered Stolen Property"
"1084",2018-04-04,2,"Recovered Stolen Property"
"1085",2018-04-05,2,"Recovered Stolen Property"
"1086",2018-04-06,0,"Recovered Stolen Property"
"1087",2018-04-07,0,"Recovered Stolen Property"
"1088",2018-04-08,2,"Recovered Stolen Property"
"1089",2018-04-09,2,"Recovered Stolen Property"
"1090",2018-04-10,2,"Recovered Stolen Property"
"1091",2018-04-11,2,"Recovered Stolen Property"
"1092",2018-04-12,2,"Recovered Stolen Property"
"1093",2018-04-13,1,"Recovered Stolen Property"
"1094",2018-04-14,2,"Recovered Stolen Property"
"1095",2018-04-15,1,"Recovered Stolen Property"
"1096",2018-04-16,1,"Recovered Stolen Property"
"1097",2018-04-17,1,"Recovered Stolen Property"
"1098",2018-04-18,1,"Recovered Stolen Property"
"1099",2018-04-19,0,"Recovered Stolen Property"
"1100",2018-04-20,0,"Recovered Stolen Property"
"1101",2018-04-21,2,"Recovered Stolen Property"
"1102",2018-04-22,2,"Recovered Stolen Property"
"1103",2018-04-23,0,"Recovered Stolen Property"
"1104",2018-04-24,2,"Recovered Stolen Property"
"1105",2018-04-25,1,"Recovered Stolen Property"
"1106",2018-04-26,0,"Recovered Stolen Property"
"1107",2018-04-27,2,"Recovered Stolen Property"
"1108",2018-04-28,0,"Recovered Stolen Property"
"1109",2018-04-29,1,"Recovered Stolen Property"
"1110",2018-04-30,0,"Recovered Stolen Property"
"1111",2018-04-01,2,"Assembly or Gathering Violations"
"1112",2018-04-02,0,"Assembly or Gathering Violations"
"1113",2018-04-03,2,"Assembly or Gathering Violations"
"1114",2018-04-04,1,"Assembly or Gathering Violations"
"1115",2018-04-05,1,"Assembly or Gathering Violations"
"1116",2018-04-06,0,"Assembly or Gathering Violations"
"1117",2018-04-07,1,"Assembly or Gathering Violations"
"1118",2018-04-08,0,"Assembly or Gathering Violations"
"1119",2018-04-09,0,"Assembly or Gathering Violations"
"1120",2018-04-10,0,"Assembly or Gathering Violations"
"1121",2018-04-11,0,"Assembly or Gathering Violations"
"1122",2018-04-12,1,"Assembly or Gathering Violations"
"1123",2018-04-13,1,"Assembly or Gathering Violations"
"1124",2018-04-14,3,"Assembly or Gathering Violations"
"1125",2018-04-15,2,"Assembly or Gathering Violations"
"1126",2018-04-16,0,"Assembly or Gathering Violations"
"1127",2018-04-17,0,"Assembly or Gathering Violations"
"1128",2018-04-18,0,"Assembly or Gathering Violations"
"1129",2018-04-19,0,"Assembly or Gathering Violations"
"1130",2018-04-20,1,"Assembly or Gathering Violations"
"1131",2018-04-21,2,"Assembly or Gathering Violations"
"1132",2018-04-22,0,"Assembly or Gathering Violations"
"1133",2018-04-23,0,"Assembly or Gathering Violations"
"1134",2018-04-24,0,"Assembly or Gathering Violations"
"1135",2018-04-25,1,"Assembly or Gathering Violations"
"1136",2018-04-26,1,"Assembly or Gathering Violations"
"1137",2018-04-27,0,"Assembly or Gathering Violations"
"1138",2018-04-28,2,"Assembly or Gathering Violations"
"1139",2018-04-29,0,"Assembly or Gathering Violations"
"1140",2018-04-30,0,"Assembly or Gathering Violations"
"1141",2018-04-01,0,"Offenses Against Child / Family"
"1142",2018-04-02,1,"Offenses Against Child / Family"
"1143",2018-04-03,0,"Offenses Against Child / Family"
"1144",2018-04-04,1,"Offenses Against Child / Family"
"1145",2018-04-05,1,"Offenses Against Child / Family"
"1146",2018-04-06,0,"Offenses Against Child / Family"
"1147",2018-04-07,0,"Offenses Against Child / Family"
"1148",2018-04-08,0,"Offenses Against Child / Family"
"1149",2018-04-09,0,"Offenses Against Child / Family"
"1150",2018-04-10,0,"Offenses Against Child / Family"
"1151",2018-04-11,0,"Offenses Against Child / Family"
"1152",2018-04-12,0,"Offenses Against Child / Family"
"1153",2018-04-13,1,"Offenses Against Child / Family"
"1154",2018-04-14,0,"Offenses Against Child / Family"
"1155",2018-04-15,0,"Offenses Against Child / Family"
"1156",2018-04-16,0,"Offenses Against Child / Family"
"1157",2018-04-17,0,"Offenses Against Child / Family"
"1158",2018-04-18,0,"Offenses Against Child / Family"
"1159",2018-04-19,0,"Offenses Against Child / Family"
"1160",2018-04-20,0,"Offenses Against Child / Family"
"1161",2018-04-21,1,"Offenses Against Child / Family"
"1162",2018-04-22,0,"Offenses Against Child / Family"
"1163",2018-04-23,1,"Offenses Against Child / Family"
"1164",2018-04-24,0,"Offenses Against Child / Family"
"1165",2018-04-25,1,"Offenses Against Child / Family"
"1166",2018-04-26,1,"Offenses Against Child / Family"
"1167",2018-04-27,0,"Offenses Against Child / Family"
"1168",2018-04-28,5,"Offenses Against Child / Family"
"1169",2018-04-29,0,"Offenses Against Child / Family"
"1170",2018-04-30,0,"Offenses Against Child / Family"
"1171",2018-04-01,0,"Counterfeiting"
"1172",2018-04-02,0,"Counterfeiting"
"1173",2018-04-03,1,"Counterfeiting"
"1174",2018-04-04,2,"Counterfeiting"
"1175",2018-04-05,0,"Counterfeiting"
"1176",2018-04-06,0,"Counterfeiting"
"1177",2018-04-07,0,"Counterfeiting"
"1178",2018-04-08,1,"Counterfeiting"
"1179",2018-04-09,0,"Counterfeiting"
"1180",2018-04-10,1,"Counterfeiting"
"1181",2018-04-11,0,"Counterfeiting"
"1182",2018-04-12,1,"Counterfeiting"
"1183",2018-04-13,2,"Counterfeiting"
"1184",2018-04-14,0,"Counterfeiting"
"1185",2018-04-15,2,"Counterfeiting"
"1186",2018-04-16,1,"Counterfeiting"
"1187",2018-04-17,0,"Counterfeiting"
"1188",2018-04-18,0,"Counterfeiting"
"1189",2018-04-19,0,"Counterfeiting"
"1190",2018-04-20,1,"Counterfeiting"
"1191",2018-04-21,1,"Counterfeiting"
"1192",2018-04-22,0,"Counterfeiting"
"1193",2018-04-23,0,"Counterfeiting"
"1194",2018-04-24,1,"Counterfeiting"
"1195",2018-04-25,1,"Counterfeiting"
"1196",2018-04-26,2,"Counterfeiting"
"1197",2018-04-27,1,"Counterfeiting"
"1198",2018-04-28,2,"Counterfeiting"
"1199",2018-04-29,0,"Counterfeiting"
"1200",2018-04-30,0,"Counterfeiting"
"1201",2018-04-01,0,"Ballistics"
"1202",2018-04-02,1,"Ballistics"
"1203",2018-04-03,0,"Ballistics"
"1204",2018-04-04,0,"Ballistics"
"1205",2018-04-05,0,"Ballistics"
"1206",2018-04-06,0,"Ballistics"
"1207",2018-04-07,0,"Ballistics"
"1208",2018-04-08,1,"Ballistics"
"1209",2018-04-09,0,"Ballistics"
"1210",2018-04-10,1,"Ballistics"
"1211",2018-04-11,0,"Ballistics"
"1212",2018-04-12,0,"Ballistics"
"1213",2018-04-13,0,"Ballistics"
"1214",2018-04-14,1,"Ballistics"
"1215",2018-04-15,2,"Ballistics"
"1216",2018-04-16,0,"Ballistics"
"1217",2018-04-17,0,"Ballistics"
"1218",2018-04-18,0,"Ballistics"
"1219",2018-04-19,0,"Ballistics"
"1220",2018-04-20,1,"Ballistics"
"1221",2018-04-21,0,"Ballistics"
"1222",2018-04-22,2,"Ballistics"
"1223",2018-04-23,1,"Ballistics"
"1224",2018-04-24,0,"Ballistics"
"1225",2018-04-25,1,"Ballistics"
"1226",2018-04-26,0,"Ballistics"
"1227",2018-04-27,0,"Ballistics"
"1228",2018-04-28,1,"Ballistics"
"1229",2018-04-29,0,"Ballistics"
"1230",2018-04-30,0,"Ballistics"
"1231",2018-04-01,0,"Property Related Damage"
"1232",2018-04-02,1,"Property Related Damage"
"1233",2018-04-03,1,"Property Related Damage"
"1234",2018-04-04,0,"Property Related Damage"
"1235",2018-04-05,0,"Property Related Damage"
"1236",2018-04-06,0,"Property Related Damage"
"1237",2018-04-07,0,"Property Related Damage"
"1238",2018-04-08,0,"Property Related Damage"
"1239",2018-04-09,1,"Property Related Damage"
"1240",2018-04-10,1,"Property Related Damage"
"1241",2018-04-11,0,"Property Related Damage"
"1242",2018-04-12,0,"Property Related Damage"
"1243",2018-04-13,0,"Property Related Damage"
"1244",2018-04-14,1,"Property Related Damage"
"1245",2018-04-15,2,"Property Related Damage"
"1246",2018-04-16,2,"Property Related Damage"
"1247",2018-04-17,0,"Property Related Damage"
"1248",2018-04-18,0,"Property Related Damage"
"1249",2018-04-19,2,"Property Related Damage"
"1250",2018-04-20,1,"Property Related Damage"
"1251",2018-04-21,0,"Property Related Damage"
"1252",2018-04-22,0,"Property Related Damage"
"1253",2018-04-23,0,"Property Related Damage"
"1254",2018-04-24,0,"Property Related Damage"
"1255",2018-04-25,0,"Property Related Damage"
"1256",2018-04-26,0,"Property Related Damage"
"1257",2018-04-27,1,"Property Related Damage"
"1258",2018-04-28,0,"Property Related Damage"
"1259",2018-04-29,0,"Property Related Damage"
"1260",2018-04-30,0,"Property Related Damage"
"1261",2018-04-01,0,"Embezzlement"
"1262",2018-04-02,0,"Embezzlement"
"1263",2018-04-03,0,"Embezzlement"
"1264",2018-04-04,0,"Embezzlement"
"1265",2018-04-05,0,"Embezzlement"
"1266",2018-04-06,0,"Embezzlement"
"1267",2018-04-07,0,"Embezzlement"
"1268",2018-04-08,0,"Embezzlement"
"1269",2018-04-09,0,"Embezzlement"
"1270",2018-04-10,0,"Embezzlement"
"1271",2018-04-11,0,"Embezzlement"
"1272",2018-04-12,0,"Embezzlement"
"1273",2018-04-13,0,"Embezzlement"
"1274",2018-04-14,0,"Embezzlement"
"1275",2018-04-15,0,"Embezzlement"
"1276",2018-04-16,0,"Embezzlement"
"1277",2018-04-17,0,"Embezzlement"
"1278",2018-04-18,0,"Embezzlement"
"1279",2018-04-19,1,"Embezzlement"
"1280",2018-04-20,1,"Embezzlement"
"1281",2018-04-21,0,"Embezzlement"
"1282",2018-04-22,0,"Embezzlement"
"1283",2018-04-23,0,"Embezzlement"
"1284",2018-04-24,0,"Embezzlement"
"1285",2018-04-25,1,"Embezzlement"
"1286",2018-04-26,0,"Embezzlement"
"1287",2018-04-27,0,"Embezzlement"
"1288",2018-04-28,0,"Embezzlement"
"1289",2018-04-29,0,"Embezzlement"
"1290",2018-04-30,0,"Embezzlement"
"1291",2018-04-01,0,"Prisoner Related Incidents"
"1292",2018-04-02,0,"Prisoner Related Incidents"
"1293",2018-04-03,0,"Prisoner Related Incidents"
"1294",2018-04-04,0,"Prisoner Related Incidents"
"1295",2018-04-05,2,"Prisoner Related Incidents"
"1296",2018-04-06,0,"Prisoner Related Incidents"
"1297",2018-04-07,0,"Prisoner Related Incidents"
"1298",2018-04-08,0,"Prisoner Related Incidents"
"1299",2018-04-09,0,"Prisoner Related Incidents"
"1300",2018-04-10,1,"Prisoner Related Incidents"
"1301",2018-04-11,0,"Prisoner Related Incidents"
"1302",2018-04-12,0,"Prisoner Related Incidents"
"1303",2018-04-13,0,"Prisoner Related Incidents"
"1304",2018-04-14,0,"Prisoner Related Incidents"
"1305",2018-04-15,0,"Prisoner Related Incidents"
"1306",2018-04-16,0,"Prisoner Related Incidents"
"1307",2018-04-17,0,"Prisoner Related Incidents"
"1308",2018-04-18,0,"Prisoner Related Incidents"
"1309",2018-04-19,0,"Prisoner Related Incidents"
"1310",2018-04-20,0,"Prisoner Related Incidents"
"1311",2018-04-21,0,"Prisoner Related Incidents"
"1312",2018-04-22,0,"Prisoner Related Incidents"
"1313",2018-04-23,0,"Prisoner Related Incidents"
"1314",2018-04-24,1,"Prisoner Related Incidents"
"1315",2018-04-25,0,"Prisoner Related Incidents"
"1316",2018-04-26,1,"Prisoner Related Incidents"
"1317",2018-04-27,1,"Prisoner Related Incidents"
"1318",2018-04-28,0,"Prisoner Related Incidents"
"1319",2018-04-29,0,"Prisoner Related Incidents"
"1320",2018-04-30,0,"Prisoner Related Incidents"
"1321",2018-04-01,2,"Restraining Order Violations"
"1322",2018-04-02,2,"Restraining Order Violations"
"1323",2018-04-03,0,"Restraining Order Violations"
"1324",2018-04-04,2,"Restraining Order Violations"
"1325",2018-04-05,0,"Restraining Order Violations"
"1326",2018-04-06,1,"Restraining Order Violations"
"1327",2018-04-07,2,"Restraining Order Violations"
"1328",2018-04-08,0,"Restraining Order Violations"
"1329",2018-04-09,0,"Restraining Order Violations"
"1330",2018-04-10,0,"Restraining Order Violations"
"1331",2018-04-11,1,"Restraining Order Violations"
"1332",2018-04-12,1,"Restraining Order Violations"
"1333",2018-04-13,2,"Restraining Order Violations"
"1334",2018-04-14,1,"Restraining Order Violations"
"1335",2018-04-15,0,"Restraining Order Violations"
"1336",2018-04-16,1,"Restraining Order Violations"
"1337",2018-04-17,0,"Restraining Order Violations"
"1338",2018-04-18,0,"Restraining Order Violations"
"1339",2018-04-19,2,"Restraining Order Violations"
"1340",2018-04-20,5,"Restraining Order Violations"
"1341",2018-04-21,0,"Restraining Order Violations"
"1342",2018-04-22,0,"Restraining Order Violations"
"1343",2018-04-23,1,"Restraining Order Violations"
"1344",2018-04-24,1,"Restraining Order Violations"
"1345",2018-04-25,1,"Restraining Order Violations"
"1346",2018-04-26,0,"Restraining Order Violations"
"1347",2018-04-27,1,"Restraining Order Violations"
"1348",2018-04-28,0,"Restraining Order Violations"
"1349",2018-04-29,0,"Restraining Order Violations"
"1350",2018-04-30,0,"Restraining Order Violations"
"1351",2018-04-01,2,"Liquor Violation"
"1352",2018-04-02,1,"Liquor Violation"
"1353",2018-04-03,0,"Liquor Violation"
"1354",2018-04-04,0,"Liquor Violation"
"1355",2018-04-05,0,"Liquor Violation"
"1356",2018-04-06,0,"Liquor Violation"
"1357",2018-04-07,1,"Liquor Violation"
"1358",2018-04-08,1,"Liquor Violation"
"1359",2018-04-09,0,"Liquor Violation"
"1360",2018-04-10,0,"Liquor Violation"
"1361",2018-04-11,1,"Liquor Violation"
"1362",2018-04-12,1,"Liquor Violation"
"1363",2018-04-13,5,"Liquor Violation"
"1364",2018-04-14,2,"Liquor Violation"
"1365",2018-04-15,1,"Liquor Violation"
"1366",2018-04-16,0,"Liquor Violation"
"1367",2018-04-17,0,"Liquor Violation"
"1368",2018-04-18,1,"Liquor Violation"
"1369",2018-04-19,0,"Liquor Violation"
"1370",2018-04-20,0,"Liquor Violation"
"1371",2018-04-21,0,"Liquor Violation"
"1372",2018-04-22,1,"Liquor Violation"
"1373",2018-04-23,0,"Liquor Violation"
"1374",2018-04-24,0,"Liquor Violation"
"1375",2018-04-25,1,"Liquor Violation"
"1376",2018-04-26,1,"Liquor Violation"
"1377",2018-04-27,2,"Liquor Violation"
"1378",2018-04-28,0,"Liquor Violation"
"1379",2018-04-29,0,"Liquor Violation"
"1380",2018-04-30,0,"Liquor Violation"
"1381",2018-04-01,1,"Firearm Violations"
"1382",2018-04-02,1,"Firearm Violations"
"1383",2018-04-03,1,"Firearm Violations"
"1384",2018-04-04,2,"Firearm Violations"
"1385",2018-04-05,4,"Firearm Violations"
"1386",2018-04-06,0,"Firearm Violations"
"1387",2018-04-07,0,"Firearm Violations"
"1388",2018-04-08,1,"Firearm Violations"
"1389",2018-04-09,3,"Firearm Violations"
"1390",2018-04-10,1,"Firearm Violations"
"1391",2018-04-11,1,"Firearm Violations"
"1392",2018-04-12,3,"Firearm Violations"
"1393",2018-04-13,3,"Firearm Violations"
"1394",2018-04-14,2,"Firearm Violations"
"1395",2018-04-15,2,"Firearm Violations"
"1396",2018-04-16,1,"Firearm Violations"
"1397",2018-04-17,0,"Firearm Violations"
"1398",2018-04-18,2,"Firearm Violations"
"1399",2018-04-19,0,"Firearm Violations"
"1400",2018-04-20,1,"Firearm Violations"
"1401",2018-04-21,2,"Firearm Violations"
"1402",2018-04-22,1,"Firearm Violations"
"1403",2018-04-23,4,"Firearm Violations"
"1404",2018-04-24,2,"Firearm Violations"
"1405",2018-04-25,1,"Firearm Violations"
"1406",2018-04-26,4,"Firearm Violations"
"1407",2018-04-27,1,"Firearm Violations"
"1408",2018-04-28,0,"Firearm Violations"
"1409",2018-04-29,0,"Firearm Violations"
"1410",2018-04-30,0,"Firearm Violations"
"1411",2018-04-01,0,"Search Warrants"
"1412",2018-04-02,1,"Search Warrants"
"1413",2018-04-03,0,"Search Warrants"
"1414",2018-04-04,1,"Search Warrants"
"1415",2018-04-05,1,"Search Warrants"
"1416",2018-04-06,1,"Search Warrants"
"1417",2018-04-07,1,"Search Warrants"
"1418",2018-04-08,0,"Search Warrants"
"1419",2018-04-09,3,"Search Warrants"
"1420",2018-04-10,1,"Search Warrants"
"1421",2018-04-11,1,"Search Warrants"
"1422",2018-04-12,4,"Search Warrants"
"1423",2018-04-13,2,"Search Warrants"
"1424",2018-04-14,3,"Search Warrants"
"1425",2018-04-15,0,"Search Warrants"
"1426",2018-04-16,0,"Search Warrants"
"1427",2018-04-17,0,"Search Warrants"
"1428",2018-04-18,0,"Search Warrants"
"1429",2018-04-19,0,"Search Warrants"
"1430",2018-04-20,0,"Search Warrants"
"1431",2018-04-21,0,"Search Warrants"
"1432",2018-04-22,0,"Search Warrants"
"1433",2018-04-23,1,"Search Warrants"
"1434",2018-04-24,1,"Search Warrants"
"1435",2018-04-25,2,"Search Warrants"
"1436",2018-04-26,5,"Search Warrants"
"1437",2018-04-27,0,"Search Warrants"
"1438",2018-04-28,0,"Search Warrants"
"1439",2018-04-29,0,"Search Warrants"
"1440",2018-04-30,0,"Search Warrants"
"1441",2018-04-01,2,"Operating Under the Influence"
"1442",2018-04-02,0,"Operating Under the Influence"
"1443",2018-04-03,0,"Operating Under the Influence"
"1444",2018-04-04,0,"Operating Under the Influence"
"1445",2018-04-05,1,"Operating Under the Influence"
"1446",2018-04-06,1,"Operating Under the Influence"
"1447",2018-04-07,0,"Operating Under the Influence"
"1448",2018-04-08,0,"Operating Under the Influence"
"1449",2018-04-09,1,"Operating Under the Influence"
"1450",2018-04-10,1,"Operating Under the Influence"
"1451",2018-04-11,1,"Operating Under the Influence"
"1452",2018-04-12,0,"Operating Under the Influence"
"1453",2018-04-13,0,"Operating Under the Influence"
"1454",2018-04-14,0,"Operating Under the Influence"
"1455",2018-04-15,1,"Operating Under the Influence"
"1456",2018-04-16,0,"Operating Under the Influence"
"1457",2018-04-17,0,"Operating Under the Influence"
"1458",2018-04-18,0,"Operating Under the Influence"
"1459",2018-04-19,0,"Operating Under the Influence"
"1460",2018-04-20,0,"Operating Under the Influence"
"1461",2018-04-21,1,"Operating Under the Influence"
"1462",2018-04-22,0,"Operating Under the Influence"
"1463",2018-04-23,0,"Operating Under the Influence"
"1464",2018-04-24,0,"Operating Under the Influence"
"1465",2018-04-25,2,"Operating Under the Influence"
"1466",2018-04-26,0,"Operating Under the Influence"
"1467",2018-04-27,0,"Operating Under the Influence"
"1468",2018-04-28,0,"Operating Under the Influence"
"1469",2018-04-29,0,"Operating Under the Influence"
"1470",2018-04-30,0,"Operating Under the Influence"
"1471",2018-04-01,0,"Phone Call Complaints"
"1472",2018-04-02,0,"Phone Call Complaints"
"1473",2018-04-03,0,"Phone Call Complaints"
"1474",2018-04-04,0,"Phone Call Complaints"
"1475",2018-04-05,0,"Phone Call Complaints"
"1476",2018-04-06,0,"Phone Call Complaints"
"1477",2018-04-07,0,"Phone Call Complaints"
"1478",2018-04-08,0,"Phone Call Complaints"
"1479",2018-04-09,0,"Phone Call Complaints"
"1480",2018-04-10,0,"Phone Call Complaints"
"1481",2018-04-11,1,"Phone Call Complaints"
"1482",2018-04-12,0,"Phone Call Complaints"
"1483",2018-04-13,0,"Phone Call Complaints"
"1484",2018-04-14,0,"Phone Call Complaints"
"1485",2018-04-15,0,"Phone Call Complaints"
"1486",2018-04-16,0,"Phone Call Complaints"
"1487",2018-04-17,0,"Phone Call Complaints"
"1488",2018-04-18,0,"Phone Call Complaints"
"1489",2018-04-19,1,"Phone Call Complaints"
"1490",2018-04-20,0,"Phone Call Complaints"
"1491",2018-04-21,0,"Phone Call Complaints"
"1492",2018-04-22,0,"Phone Call Complaints"
"1493",2018-04-23,0,"Phone Call Complaints"
"1494",2018-04-24,0,"Phone Call Complaints"
"1495",2018-04-25,0,"Phone Call Complaints"
"1496",2018-04-26,0,"Phone Call Complaints"
"1497",2018-04-27,0,"Phone Call Complaints"
"1498",2018-04-28,0,"Phone Call Complaints"
"1499",2018-04-29,0,"Phone Call Complaints"
"1500",2018-04-30,0,"Phone Call Complaints"
"1501",2018-04-01,0,"Landlord/Tenant Disputes"
"1502",2018-04-02,1,"Landlord/Tenant Disputes"
"1503",2018-04-03,2,"Landlord/Tenant Disputes"
"1504",2018-04-04,0,"Landlord/Tenant Disputes"
"1505",2018-04-05,2,"Landlord/Tenant Disputes"
"1506",2018-04-06,0,"Landlord/Tenant Disputes"
"1507",2018-04-07,2,"Landlord/Tenant Disputes"
"1508",2018-04-08,0,"Landlord/Tenant Disputes"
"1509",2018-04-09,1,"Landlord/Tenant Disputes"
"1510",2018-04-10,1,"Landlord/Tenant Disputes"
"1511",2018-04-11,1,"Landlord/Tenant Disputes"
"1512",2018-04-12,1,"Landlord/Tenant Disputes"
"1513",2018-04-13,1,"Landlord/Tenant Disputes"
"1514",2018-04-14,1,"Landlord/Tenant Disputes"
"1515",2018-04-15,1,"Landlord/Tenant Disputes"
"1516",2018-04-16,0,"Landlord/Tenant Disputes"
"1517",2018-04-17,1,"Landlord/Tenant Disputes"
"1518",2018-04-18,1,"Landlord/Tenant Disputes"
"1519",2018-04-19,0,"Landlord/Tenant Disputes"
"1520",2018-04-20,0,"Landlord/Tenant Disputes"
"1521",2018-04-21,1,"Landlord/Tenant Disputes"
"1522",2018-04-22,2,"Landlord/Tenant Disputes"
"1523",2018-04-23,0,"Landlord/Tenant Disputes"
"1524",2018-04-24,2,"Landlord/Tenant Disputes"
"1525",2018-04-25,0,"Landlord/Tenant Disputes"
"1526",2018-04-26,0,"Landlord/Tenant Disputes"
"1527",2018-04-27,0,"Landlord/Tenant Disputes"
"1528",2018-04-28,0,"Landlord/Tenant Disputes"
"1529",2018-04-29,0,"Landlord/Tenant Disputes"
"1530",2018-04-30,0,"Landlord/Tenant Disputes"
"1531",2018-04-01,0,"HOME INVASION"
"1532",2018-04-02,0,"HOME INVASION"
"1533",2018-04-03,0,"HOME INVASION"
"1534",2018-04-04,0,"HOME INVASION"
"1535",2018-04-05,1,"HOME INVASION"
"1536",2018-04-06,0,"HOME INVASION"
"1537",2018-04-07,0,"HOME INVASION"
"1538",2018-04-08,0,"HOME INVASION"
"1539",2018-04-09,0,"HOME INVASION"
"1540",2018-04-10,0,"HOME INVASION"
"1541",2018-04-11,0,"HOME INVASION"
"1542",2018-04-12,1,"HOME INVASION"
"1543",2018-04-13,0,"HOME INVASION"
"1544",2018-04-14,0,"HOME INVASION"
"1545",2018-04-15,0,"HOME INVASION"
"1546",2018-04-16,1,"HOME INVASION"
"1547",2018-04-17,0,"HOME INVASION"
"1548",2018-04-18,0,"HOME INVASION"
"1549",2018-04-19,0,"HOME INVASION"
"1550",2018-04-20,0,"HOME INVASION"
"1551",2018-04-21,0,"HOME INVASION"
"1552",2018-04-22,0,"HOME INVASION"
"1553",2018-04-23,1,"HOME INVASION"
"1554",2018-04-24,1,"HOME INVASION"
"1555",2018-04-25,0,"HOME INVASION"
"1556",2018-04-26,0,"HOME INVASION"
"1557",2018-04-27,0,"HOME INVASION"
"1558",2018-04-28,0,"HOME INVASION"
"1559",2018-04-29,0,"HOME INVASION"
"1560",2018-04-30,0,"HOME INVASION"
"1561",2018-04-01,1,"Service"
"1562",2018-04-02,1,"Service"
"1563",2018-04-03,1,"Service"
"1564",2018-04-04,0,"Service"
"1565",2018-04-05,0,"Service"
"1566",2018-04-06,0,"Service"
"1567",2018-04-07,1,"Service"
"1568",2018-04-08,0,"Service"
"1569",2018-04-09,1,"Service"
"1570",2018-04-10,0,"Service"
"1571",2018-04-11,1,"Service"
"1572",2018-04-12,0,"Service"
"1573",2018-04-13,0,"Service"
"1574",2018-04-14,0,"Service"
"1575",2018-04-15,0,"Service"
"1576",2018-04-16,0,"Service"
"1577",2018-04-17,0,"Service"
"1578",2018-04-18,0,"Service"
"1579",2018-04-19,0,"Service"
"1580",2018-04-20,0,"Service"
"1581",2018-04-21,1,"Service"
"1582",2018-04-22,0,"Service"
"1583",2018-04-23,1,"Service"
"1584",2018-04-24,0,"Service"
"1585",2018-04-25,0,"Service"
"1586",2018-04-26,0,"Service"
"1587",2018-04-27,0,"Service"
"1588",2018-04-28,0,"Service"
"1589",2018-04-29,0,"Service"
"1590",2018-04-30,0,"Service"
"1591",2018-04-01,0,"Criminal Harassment"
"1592",2018-04-02,0,"Criminal Harassment"
"1593",2018-04-03,0,"Criminal Harassment"
"1594",2018-04-04,0,"Criminal Harassment"
"1595",2018-04-05,0,"Criminal Harassment"
"1596",2018-04-06,0,"Criminal Harassment"
"1597",2018-04-07,1,"Criminal Harassment"
"1598",2018-04-08,0,"Criminal Harassment"
"1599",2018-04-09,0,"Criminal Harassment"
"1600",2018-04-10,0,"Criminal Harassment"
"1601",2018-04-11,1,"Criminal Harassment"
"1602",2018-04-12,0,"Criminal Harassment"
"1603",2018-04-13,0,"Criminal Harassment"
"1604",2018-04-14,0,"Criminal Harassment"
"1605",2018-04-15,0,"Criminal Harassment"
"1606",2018-04-16,0,"Criminal Harassment"
"1607",2018-04-17,0,"Criminal Harassment"
"1608",2018-04-18,0,"Criminal Harassment"
"1609",2018-04-19,0,"Criminal Harassment"
"1610",2018-04-20,0,"Criminal Harassment"
"1611",2018-04-21,0,"Criminal Harassment"
"1612",2018-04-22,1,"Criminal Harassment"
"1613",2018-04-23,0,"Criminal Harassment"
"1614",2018-04-24,0,"Criminal Harassment"
"1615",2018-04-25,0,"Criminal Harassment"
"1616",2018-04-26,0,"Criminal Harassment"
"1617",2018-04-27,0,"Criminal Harassment"
"1618",2018-04-28,0,"Criminal Harassment"
"1619",2018-04-29,0,"Criminal Harassment"
"1620",2018-04-30,0,"Criminal Harassment"
"1621",2018-04-01,0,"Harbor Related Incidents"
"1622",2018-04-02,0,"Harbor Related Incidents"
"1623",2018-04-03,0,"Harbor Related Incidents"
"1624",2018-04-04,0,"Harbor Related Incidents"
"1625",2018-04-05,0,"Harbor Related Incidents"
"1626",2018-04-06,0,"Harbor Related Incidents"
"1627",2018-04-07,0,"Harbor Related Incidents"
"1628",2018-04-08,0,"Harbor Related Incidents"
"1629",2018-04-09,0,"Harbor Related Incidents"
"1630",2018-04-10,0,"Harbor Related Incidents"
"1631",2018-04-11,0,"Harbor Related Incidents"
"1632",2018-04-12,1,"Harbor Related Incidents"
"1633",2018-04-13,0,"Harbor Related Incidents"
"1634",2018-04-14,0,"Harbor Related Incidents"
"1635",2018-04-15,0,"Harbor Related Incidents"
"1636",2018-04-16,1,"Harbor Related Incidents"
"1637",2018-04-17,0,"Harbor Related Incidents"
"1638",2018-04-18,0,"Harbor Related Incidents"
"1639",2018-04-19,0,"Harbor Related Incidents"
"1640",2018-04-20,0,"Harbor Related Incidents"
"1641",2018-04-21,0,"Harbor Related Incidents"
"1642",2018-04-22,1,"Harbor Related Incidents"
"1643",2018-04-23,0,"Harbor Related Incidents"
"1644",2018-04-24,0,"Harbor Related Incidents"
"1645",2018-04-25,0,"Harbor Related Incidents"
"1646",2018-04-26,0,"Harbor Related Incidents"
"1647",2018-04-27,0,"Harbor Related Incidents"
"1648",2018-04-28,0,"Harbor Related Incidents"
"1649",2018-04-29,0,"Harbor Related Incidents"
"1650",2018-04-30,0,"Harbor Related Incidents"
"1651",2018-04-01,0,"Arson"
"1652",2018-04-02,0,"Arson"
"1653",2018-04-03,1,"Arson"
"1654",2018-04-04,0,"Arson"
"1655",2018-04-05,0,"Arson"
"1656",2018-04-06,0,"Arson"
"1657",2018-04-07,0,"Arson"
"1658",2018-04-08,0,"Arson"
"1659",2018-04-09,0,"Arson"
"1660",2018-04-10,0,"Arson"
"1661",2018-04-11,0,"Arson"
"1662",2018-04-12,1,"Arson"
"1663",2018-04-13,0,"Arson"
"1664",2018-04-14,0,"Arson"
"1665",2018-04-15,0,"Arson"
"1666",2018-04-16,0,"Arson"
"1667",2018-04-17,0,"Arson"
"1668",2018-04-18,0,"Arson"
"1669",2018-04-19,0,"Arson"
"1670",2018-04-20,1,"Arson"
"1671",2018-04-21,0,"Arson"
"1672",2018-04-22,0,"Arson"
"1673",2018-04-23,0,"Arson"
"1674",2018-04-24,0,"Arson"
"1675",2018-04-25,0,"Arson"
"1676",2018-04-26,0,"Arson"
"1677",2018-04-27,0,"Arson"
"1678",2018-04-28,0,"Arson"
"1679",2018-04-29,0,"Arson"
"1680",2018-04-30,0,"Arson"
"1681",2018-04-01,0,"Bomb Hoax"
"1682",2018-04-02,0,"Bomb Hoax"
"1683",2018-04-03,0,"Bomb Hoax"
"1684",2018-04-04,0,"Bomb Hoax"
"1685",2018-04-05,0,"Bomb Hoax"
"1686",2018-04-06,0,"Bomb Hoax"
"1687",2018-04-07,0,"Bomb Hoax"
"1688",2018-04-08,0,"Bomb Hoax"
"1689",2018-04-09,0,"Bomb Hoax"
"1690",2018-04-10,0,"Bomb Hoax"
"1691",2018-04-11,0,"Bomb Hoax"
"1692",2018-04-12,0,"Bomb Hoax"
"1693",2018-04-13,1,"Bomb Hoax"
"1694",2018-04-14,0,"Bomb Hoax"
"1695",2018-04-15,0,"Bomb Hoax"
"1696",2018-04-16,0,"Bomb Hoax"
"1697",2018-04-17,0,"Bomb Hoax"
"1698",2018-04-18,0,"Bomb Hoax"
"1699",2018-04-19,0,"Bomb Hoax"
"1700",2018-04-20,0,"Bomb Hoax"
"1701",2018-04-21,0,"Bomb Hoax"
"1702",2018-04-22,0,"Bomb Hoax"
"1703",2018-04-23,0,"Bomb Hoax"
"1704",2018-04-24,0,"Bomb Hoax"
"1705",2018-04-25,0,"Bomb Hoax"
"1706",2018-04-26,0,"Bomb Hoax"
"1707",2018-04-27,0,"Bomb Hoax"
"1708",2018-04-28,0,"Bomb Hoax"
"1709",2018-04-29,0,"Bomb Hoax"
"1710",2018-04-30,0,"Bomb Hoax"
"1711",2018-04-01,0,"Homicide"
"1712",2018-04-02,0,"Homicide"
"1713",2018-04-03,0,"Homicide"
"1714",2018-04-04,0,"Homicide"
"1715",2018-04-05,1,"Homicide"
"1716",2018-04-06,0,"Homicide"
"1717",2018-04-07,1,"Homicide"
"1718",2018-04-08,0,"Homicide"
"1719",2018-04-09,0,"Homicide"
"1720",2018-04-10,1,"Homicide"
"1721",2018-04-11,0,"Homicide"
"1722",2018-04-12,0,"Homicide"
"1723",2018-04-13,0,"Homicide"
"1724",2018-04-14,0,"Homicide"
"1725",2018-04-15,0,"Homicide"
"1726",2018-04-16,0,"Homicide"
"1727",2018-04-17,0,"Homicide"
"1728",2018-04-18,0,"Homicide"
"1729",2018-04-19,0,"Homicide"
"1730",2018-04-20,0,"Homicide"
"1731",2018-04-21,0,"Homicide"
"1732",2018-04-22,0,"Homicide"
"1733",2018-04-23,0,"Homicide"
"1734",2018-04-24,0,"Homicide"
"1735",2018-04-25,0,"Homicide"
"1736",2018-04-26,0,"Homicide"
"1737",2018-04-27,0,"Homicide"
"1738",2018-04-28,0,"Homicide"
"1739",2018-04-29,0,"Homicide"
"1740",2018-04-30,0,"Homicide"
